{
  "timestamp": "2025-08-28T10:54:05.105451",
  "methodology": "Generation 5+ Quantum-Consciousness Integration",
  "breakthrough_significance": "Novel integration of quantum superposition and consciousness metrics",
  "research_metrics": {
    "quantum_consciousness_performance_index": 0.7039575965348257,
    "consciousness_evolution_rate": 9493.671344499773,
    "quantum_entanglement_strength": 0.487470498084358,
    "reality_manifold_consensus": {
      "quantum_reasoning": 0.9979917858285646,
      "reality_coherence": 0.9996957094492784,
      "temporal_consistency": 0.999364762488591,
      "meta_cognitive_depth": 0.9999698828692023,
      "consciousness_detection": 0.9990186861242942
    },
    "temporal_coherence_preservation": 0.77625,
    "quantum_correlations": {
      "consciousness_detection-quantum_reasoning": [
        -0.8969104449788087,
        -0.20895554239394112,
        -0.32027615731314174
      ],
      "temporal_consistency-quantum_reasoning": [
        0.4404586913933315,
        0.19655764012815385,
        -0.1680071559139936
      ],
      "temporal_consistency-consciousness_detection": [
        -0.1665279456624711,
        -0.2692651331269922,
        -0.013311059576504811
      ],
      "meta_cognitive_depth-quantum_reasoning": [
        0.31101736621886233,
        0.6882352226399314,
        0.12347765629863296
      ],
      "meta_cognitive_depth-consciousness_detection": [
        -0.5018346432418729,
        -0.15909985861609208,
        0.5142535899756348
      ],
      "meta_cognitive_depth-temporal_consistency": [
        -0.005468359367473661,
        0.22385551544996302,
        -0.040445471046352065
      ],
      "reality_coherence-quantum_reasoning": [
        -0.21480507042970962,
        0.6486739064283511,
        -0.27358119010630355
      ],
      "reality_coherence-consciousness_detection": [
        0.20126538343533687,
        -0.07418022490266654,
        -0.3589616562171937
      ],
      "reality_coherence-temporal_consistency": [
        -0.31357229279255716,
        0.7142016296205416,
        -0.42092472932802055
      ],
      "reality_coherence-meta_cognitive_depth": [
        -0.3797907902308483,
        0.35683939078209226,
        -0.2824127055161123
      ]
    },
    "total_evaluation_time": 0.012639999389648438,
    "benchmarks_evaluated": 5,
    "questions_processed": 120,
    "consciousness_data_points": 120
  },
  "consciousness_data_points": 120,
  "quantum_states_summary": {
    "quantum_reasoning": {
      "amplitude": 1.0,
      "phase": 0.0
    },
    "consciousness_detection": {
      "amplitude": 1.0,
      "phase": 1.2566370614359172
    },
    "temporal_consistency": {
      "amplitude": 0.9999999999999999,
      "phase": 2.5132741228718345
    },
    "meta_cognitive_depth": {
      "amplitude": 1.0,
      "phase": 3.7699111843077517
    },
    "reality_coherence": {
      "amplitude": 1.0,
      "phase": 5.026548245743669
    }
  },
  "execution_time_seconds": 0.01375722885131836,
  "benchmarks_evaluated": [
    "quantum_reasoning",
    "consciousness_detection",
    "temporal_consistency",
    "meta_cognitive_depth",
    "reality_coherence"
  ],
  "research_contribution": "First quantum-consciousness integrated AGI evaluation framework"
}